{"uuids": {"phone_id": "b04f3794-ea0f-427f-a8db-c3fe120cff3f", "uuid": "f253c9d8-3284-43d5-98f0-f24ddc67fdf1", "client_session_id": "68b593a1-bedb-4d33-a399-defdec17d255", "advertising_id": "911493b2-4b26-4bdf-9dbb-12b6760c3bd2", "device_id": "android-617721e4622db0da"}, "cookie": {"csrftoken": "aFWh0pJZWeZLUgs4MgjqEWZd1dkBl4ds", "ds_user": "pruebaseguridad15", "ds_user_id": "44376697835", "ig_direct_region_hint": "ASH", "mid": "X8p9BQABAAHIiiv53Tvl8PFuNfNp", "rur": "PRN", "sessionid": "44376697835%3Ac5ukx3FdyMWd4r%3A16", "urlgen": "\"{191.102.218.220: 262928}:1klFdc:RzDkQO0T_vg6mjLogvwyIgMIT_o\""}, "timing_value": {"last_login": 1607105801.5305588, "last_experiments": 1607105801.5305588}, "device_settings": {"app_version": "117.0.0.28.123", "android_version": "28", "android_release": "9.0", "dpi": "420dpi", "resolution": "1080x1920", "manufacturer": "OnePlus", "device": "ONEPLUS A3003", "model": "OnePlus3", "cpu": "qcom", "version_code": "180322800"}, "user_agent": "Instagram 117.0.0.28.123 Android (28/9.0; 420dpi; 1080x1920; OnePlus; ONEPLUS A3003; OnePlus3; qcom; en_US; 180322800)"}